image,animal,bicycle,bus,car,motorcycle,person,truck,total
0000036_03591_d_0000048_jpg.rf.4c6fe159af85356fb568ac271138e01c.jpg,0,0,0,0,0,33,0,33
0000047_01000_d_0000090_jpg.rf.487eb101504586319695fe2911e55e75.jpg,0,0,0,0,0,49,0,49
0000068_01500_d_0000005_jpg.rf.9ce23683c294f5ed27f417eab440df59.jpg,0,0,0,0,0,55,0,55
0000072_00000_d_0000001_jpg.rf.82891ad72fa4d72198215cf68fb1b733.jpg,0,0,0,3,2,57,0,62
0000072_05827_d_0000009_jpg.rf.9720941f222483a70a0e3ea1ec68c611.jpg,0,0,0,6,0,15,1,22
0000072_06173_d_0000010_jpg.rf.3a31e648a93400f0b1a182c16c0618d6.jpg,0,0,0,7,1,38,1,47
0000084_00281_d_0000002_jpg.rf.d5d4f981aa11221de1de074655b66d3e.jpg,0,0,0,0,0,29,0,29
0000109_00228_d_0000061_jpg.rf.9091d6573e39b4c2bb42ca95daaa8976.jpg,0,0,0,1,0,8,0,9
0000132_01903_d_0000140_jpg.rf.0e0d8aaf6e8a712ce081f706ee0dfc3b.jpg,0,0,0,94,1,0,6,101
0000142_03658_d_0000041_jpg.rf.71bc5da0db76ff1340ee4f3d7b578ae1.jpg,0,0,2,32,0,0,1,35
0000146_00801_d_0000061_jpg.rf.4d28953b77d37bbf3baef10dc185fa9c.jpg,0,0,0,15,0,2,0,17
0000167_00384_d_0000126_jpg.rf.fe8095e0870c2427cc2013257e398fbf.jpg,0,0,0,11,0,3,0,14
0000170_01201_d_0000001_jpg.rf.d6e353e0e6a699d166d9de89f9894040.jpg,0,0,0,3,1,1,0,5
0000172_00001_d_0000001_jpg.rf.a28147f497cf71cadc218e96096327c8.jpg,0,0,0,13,1,2,2,18
0000180_00000_d_0000019_jpg.rf.a407ac70d547c12f3b94ff15f4d1930e.jpg,0,0,0,0,0,0,0,0
0000195_00000_d_0000126_jpg.rf.4a5e5f2c9778dee0afc5f83db02cc2d3.jpg,0,0,0,9,0,8,1,18
0000196_02020_d_0000139_jpg.rf.c39d16163d0442abb93619d861c0a784.jpg,0,0,0,17,3,8,1,29
0000201_00000_d_0000171_jpg.rf.cf107d019a60a3dc7b6563d53eba194c.jpg,0,0,0,5,0,0,2,7
0000214_02750_d_0000255_jpg.rf.9fda5ae76c1131850b750b69b2438f6b.jpg,0,0,1,18,3,3,2,27
0000217_00001_d_0000001_jpg.rf.0d815b3ed840e86db511746d9b2d30ea.jpg,0,0,0,1,0,0,0,1
0000220_02800_d_0000009_jpg.rf.7454a9c033f6f0570adb1947cfa62cd2.jpg,0,0,0,4,0,0,4,8
0000221_01770_d_0000006_jpg.rf.92d489707eb104993566f988f1237275.jpg,0,0,0,11,0,0,0,11
0000222_00735_d_0000003_jpg.rf.f1b8fa0fb11f4cc444bf027fd2e88261.jpg,0,0,0,7,0,3,0,10
0000222_01350_d_0000005_jpg.rf.8677837e55cf7a035706e866cb5316cd.jpg,0,0,1,18,0,2,7,28
0000222_03100_d_0000010_jpg.rf.3123f017d394090d3229ca72fc6cabf6.jpg,0,0,1,17,0,0,3,21
0000222_03900_d_0000012_jpg.rf.5a5ffb08e295d7c7116b160433bc9c6b.jpg,0,0,2,26,0,3,3,34
0000222_06100_d_0000019_jpg.rf.7fb0e50b1f79c5d283012f65635398ef.jpg,0,0,0,22,0,1,0,23
0000223_00501_d_0000002_jpg.rf.ce2208f908c28e089a9f9a55f1a5c5c5.jpg,0,0,0,5,0,0,3,8
0000224_00001_d_0000001_jpg.rf.b1fd83a3ec335d449f665f375a77c1eb.jpg,0,0,0,27,0,0,0,27
0000225_01376_d_0000004_jpg.rf.44168cac4b095059aa1dac0271b4f8b7.jpg,0,0,0,32,0,1,0,33
0000226_01146_d_0000004_jpg.rf.9244898af920b13a8b161c0009c7d4f1.jpg,0,0,2,28,0,0,2,32
0000239_00001_d_0000001_jpg.rf.69389ff180b9ce68e5b5705a37e6505f.jpg,0,0,0,10,0,1,0,11
0000239_02003_d_0000006_jpg.rf.6beac641b74d674892c8b0dbeeb7f4ab.jpg,0,0,0,52,0,2,0,54
0000239_03333_d_0000010_jpg.rf.a0bb668f10b83dcd5669e62bb9a659f7.jpg,0,0,0,18,0,1,1,20
0000239_04052_d_0000012_jpg.rf.8ac6c629bde7c6666169140ce1306547.jpg,0,0,0,18,0,1,3,22
0000239_12115_d_0000031_jpg.rf.d5a3f92ae676fe9d6d4c5c6198a69917.jpg,0,0,0,7,0,0,1,8
0000256_00001_d_0000014_jpg.rf.d4ca97ffed8e0c3585e04c4669981f22.jpg,0,0,0,3,0,0,2,5
0000256_01516_d_0000024_jpg.rf.2332a92d22493cd3c615575c8c0a06bd.jpg,0,0,0,7,0,0,1,8
0000256_01973_d_0000028_jpg.rf.4db8a264ac34e9117ae906cc57229670.jpg,0,0,0,1,0,0,0,1
0000256_04759_d_0000040_jpg.rf.5cc0c44519a389c9bdb169d7a97d14e4.jpg,0,0,0,3,1,0,1,5
0000257_01725_d_0000053_jpg.rf.2806548e0ad2ffa0da5bd3ba7a849cea.jpg,0,0,2,33,0,0,2,37
0000260_01281_d_0000106_jpg.rf.602687ff5a576c27ac1624f8ac749ac7.jpg,0,0,0,26,0,2,0,28
0000261_01601_d_0000124_jpg.rf.92d05bf9c0efba5f17d0165a3fb03654.jpg,0,0,0,9,1,2,1,13
0000261_05301_d_0000138_jpg.rf.f2f6c0bacc7fa67de53e36591020a870.jpg,0,0,0,28,0,0,0,28
0000261_05775_d_0000140_jpg.rf.81d50ebb306c85dbdf0bd4839c80677d.jpg,0,0,0,28,0,2,0,30
0000263_02201_d_0000178_jpg.rf.7d51aa3ab9f8a1cb70684a1dd3108d4c.jpg,0,0,0,12,0,6,1,19
0000279_02001_d_0000594_jpg.rf.083c4904f29c7de5addbb53d05687e4e.jpg,0,0,0,28,0,4,0,32
0000281_03001_d_0000641_jpg.rf.300e4a3400b246d0328c3f04ac6cc936.jpg,0,0,1,30,0,0,1,32
0000293_02401_d_0000934_jpg.rf.fbcf4aa72793c191e46e63bd10a9672f.jpg,0,0,3,24,0,17,0,44
0000300_01401_d_0000145_jpg.rf.d85cd4bac6f68354b98ea278bceed124.jpg,0,0,0,22,0,4,0,26
0000305_01001_d_0000218_jpg.rf.c8a1c6dc05e5fc62804e1a9ddd234132.jpg,0,0,0,16,4,2,2,24
0000307_05801_d_0000297_jpg.rf.706486eb9d0fb2cd28ac53fed148e071.jpg,0,0,0,23,0,0,2,25
0000309_00001_d_0000333_jpg.rf.35a323ecea3fd53db657ec7af639d696.jpg,0,0,0,17,3,6,0,26
0000309_03001_d_0000348_jpg.rf.692ff49ec329f06cd7b357439ffde1f9.jpg,0,0,0,27,1,3,2,33
0000313_02001_d_0000446_jpg.rf.c8e49b8c50975978607c1f396cd4daa2.jpg,0,0,0,11,1,3,0,15
0000315_03001_d_0000516_jpg.rf.f7faaa5988d5e561edc6a23d53bff28d.jpg,0,0,0,31,1,2,2,36
0000323_00401_d_0000634_jpg.rf.49b514582bed56084052247d1a124b08.jpg,0,0,0,11,1,7,1,20
0000325_03801_d_0000681_jpg.rf.256998c1b06c53055d446c9da5c3842f.jpg,0,0,1,33,0,1,7,42
0000331_02401_d_0000853_jpg.rf.4c1766ed432563a1e68bf73721399095.jpg,0,0,0,27,1,1,0,29
0000342_00785_d_0000246_jpg.rf.d293e8c24a191b480ea99d9b7d87b3f5.jpg,0,0,0,34,0,11,3,48
0000342_03137_d_0000258_jpg.rf.1ad36d71d496e64b39d8d3d5a185092e.jpg,0,0,0,16,0,23,4,43
0000343_01373_d_0000282_jpg.rf.8903330455cb39b3d9042a39aa3948bd.jpg,0,0,0,14,1,0,1,16
0000343_03137_d_0000291_jpg.rf.92b0113e9de129270005a474edc46528.jpg,0,0,0,14,1,0,5,20
0000345_01765_d_0000318_jpg.rf.91fd48915f9411017d6133a712dcd72e.jpg,0,0,0,13,2,9,4,28
0000349_04313_d_0000462_jpg.rf.d6c6ecc9b279a582863231bc9d48d84d.jpg,0,0,0,21,2,11,1,35
0000358_01177_d_0000686_jpg.rf.160d9bba08ca9416f35363149accaa39.jpg,0,0,0,30,2,9,1,42
0000366_03529_d_0000796_jpg.rf.f57c162d88a125e8c5ed635064cab454.jpg,0,0,0,38,0,25,4,67
0000366_05881_d_0000806_jpg.rf.dcf114ce62a98e9f09495d262505e7de.jpg,0,0,0,0,0,5,0,5
9999937_00000_d_0000020_jpg.rf.e6bf91c3579e158c4c7f40b99b302ffc.jpg,0,0,0,2,0,19,0,21
9999937_00000_d_0000036_jpg.rf.a586fa7b86740ee889bde9ad224f6319.jpg,0,0,0,2,0,1,0,3
9999937_00000_d_0000043_jpg.rf.23d9aa006d70ac99bd17c175a7929948.jpg,0,0,0,4,1,2,1,8
9999937_00000_d_0000082_jpg.rf.dc6634066a0e2f27eba14b51be3be616.jpg,0,0,0,8,3,0,1,12
9999937_00000_d_0000118_jpg.rf.c4a85802360d485aa28a300a4357e799.jpg,0,0,0,3,1,0,8,12
9999937_00000_d_0000119_jpg.rf.b58cc346c233df9817682634c2d37b16.jpg,0,0,0,3,0,0,0,3
9999937_00000_d_0000139_jpg.rf.bad0c15d9ef28087d202fd6168dd6004.jpg,0,0,0,2,4,0,3,9
9999937_00000_d_0000144_jpg.rf.bdcf2f1f015bdc7f905efbe2ba3f0ccd.jpg,0,0,0,6,2,1,5,14
9999937_00000_d_0000168_jpg.rf.0abeb3351d3fa01185a63f8fa2b02861.jpg,0,0,0,0,0,5,0,5
9999937_00000_d_0000169_jpg.rf.5ed496ec020a753d9bda272a858e91f5.jpg,0,0,0,1,0,1,0,2
9999937_00000_d_0000170_jpg.rf.44a2656ceb3d88003a17ace169543c96.jpg,0,0,0,0,0,2,0,2
9999937_00000_d_0000226_jpg.rf.943a10f721653a05eb26da47f2186c80.jpg,0,0,0,16,1,0,5,22
9999940_00000_d_0000013_jpg.rf.7b24b309cd2237efb12630b67b419b49.jpg,0,0,0,11,0,0,1,12
9999940_00000_d_0000041_jpg.rf.657829755c74e66c8fa9336452d8477d.jpg,0,0,0,1,0,0,2,3
9999940_00000_d_0000044_jpg.rf.1d0647fb1d49d490fb9b226ea2fedaf9.jpg,0,0,1,28,0,0,2,31
9999940_00000_d_0000072_jpg.rf.3f6ba94887c653b130c76817168009c8.jpg,0,0,0,0,0,0,5,5
9999940_00000_d_0000084_jpg.rf.c4d4b59d87759bb3bafd419eda274505.jpg,0,0,0,5,0,0,3,8
9999942_00000_d_0000003_jpg.rf.668f5f56765701df582ed852cb04527e.jpg,0,0,0,18,0,17,3,38
9999942_00000_d_0000025_jpg.rf.7ff7f42aca4088e52fe7d6e0dc083112.jpg,0,0,0,7,10,0,5,22
9999942_00000_d_0000057_jpg.rf.7712a3266cb14ae757c51b55b2cb3051.jpg,0,0,0,2,0,1,0,3
9999942_00000_d_0000092_jpg.rf.4c3dac8ca17ee2b5d16a1e4a62e4e507.jpg,0,0,0,12,0,2,1,15
9999942_00000_d_0000133_jpg.rf.dc42456b8435d8034bbf98d67b3adbf6.jpg,0,0,0,7,3,1,8,19
9999942_00000_d_0000138_jpg.rf.2cdbb1916735b468edc79de3fc393598.jpg,0,0,0,13,6,6,7,32
9999942_00000_d_0000174_jpg.rf.c4daa4f1bc593337acd0ac5fc16291ed.jpg,0,0,0,8,0,5,3,16
9999942_00000_d_0000206_jpg.rf.c72a5ca6808e5deec309a34dde2862bd.jpg,0,0,1,23,0,3,3,30
9999942_00000_d_0000230_jpg.rf.87e4fa9a874a681d112c23e82fef20b7.jpg,0,0,0,9,4,1,2,16
9999942_00000_d_0000245_jpg.rf.4a12eb66095f8e2adbad32467f7cce50.jpg,0,0,0,8,0,1,2,11
9999942_00000_d_0000254_jpg.rf.5df30a9524af75a98e4b1fe82d459933.jpg,0,0,0,6,0,1,2,9
9999942_00000_d_0000260_jpg.rf.75fd402768d894ebd9b89fde5ecbd051.jpg,0,0,0,2,0,0,1,3
9999943_00000_d_0000002_jpg.rf.f469aa1962ffead2dd692416cb43e17d.jpg,0,0,0,23,0,0,4,27
9999943_00000_d_0000004_jpg.rf.203c367874fb44815a4539e88b1b7136.jpg,0,0,0,13,2,0,1,16
9999943_00000_d_0000018_jpg.rf.8666edd4528f6aad93eb824323a98db3.jpg,0,0,1,37,2,6,5,51
9999943_00000_d_0000072_jpg.rf.5d7bae84eeaf95e7554e3effbe855560.jpg,0,0,0,25,2,1,2,30
9999945_00000_d_0000017_jpg.rf.c17c66af71cb16de321efcd0c9339394.jpg,0,0,0,4,0,0,0,4
9999945_00000_d_0000032_jpg.rf.6cdca8418ce7a296f7c5fa24c64150d7.jpg,0,0,1,10,0,0,1,12
9999945_00000_d_0000062_jpg.rf.0bb6279614c47ad8f3e0feb400218a2a.jpg,0,0,0,8,0,0,1,9
9999945_00000_d_0000083_jpg.rf.7f8958a748177d59d1d30bee528a746b.jpg,0,0,0,12,0,2,0,14
9999945_00000_d_0000095_jpg.rf.8547a92bf18e3de63cc7f896aec77376.jpg,0,0,0,9,0,0,1,10
9999945_00000_d_0000113_jpg.rf.3cd1e30742934c5225c43b935c083fe0.jpg,0,0,0,13,0,0,0,13
9999948_00000_d_0000025_jpg.rf.9ed4e66f1c2189751206649108f0302c.jpg,0,0,0,9,0,1,0,10
9999948_00000_d_0000028_jpg.rf.f5b3eb889ef0620898d859e46fd7801c.jpg,0,0,1,4,0,0,0,5
9999948_00000_d_0000029_jpg.rf.d50849256794c7f5bb94f6d251026b29.jpg,0,0,0,10,0,0,0,10
9999950_00000_d_0000027_jpg.rf.57a3abc97a782386badab9a16ffd8dca.jpg,0,0,0,4,0,2,1,7
9999950_00000_d_0000083_jpg.rf.dbc64c00b74ce9a5f27908d7aff45c71.jpg,0,0,0,4,0,0,0,4
9999951_00000_d_0000021_jpg.rf.156c410a637f0a22bd86f69874346081.jpg,0,0,0,13,0,0,4,17
9999951_00000_d_0000023_jpg.rf.a62c0266850e4d5d46e5a2e6098e0ec3.jpg,0,0,1,22,0,0,5,28
9999951_00000_d_0000033_jpg.rf.a1e0d3f9171fca585c237124c45c3187.jpg,0,0,1,6,0,17,3,27
9999951_00000_d_0000136_jpg.rf.cbfc0ed90a0ec8be8874f42f9979cc14.jpg,0,0,0,2,0,0,2,4
9999951_00000_d_0000148_jpg.rf.3b9e216f8e9fbd26986c8251ecf4b61c.jpg,0,0,1,31,0,0,7,39
9999951_00000_d_0000153_jpg.rf.74dfdb06f040df97c67bc52c82cdf1b2.jpg,0,0,1,2,0,0,3,6
9999951_00000_d_0000157_jpg.rf.f4dba8e35e2783538dbe90a7681421c4.jpg,0,0,1,16,0,0,2,19
9999951_00000_d_0000164_jpg.rf.019aef51011d19e89f69fb13342c1aa0.jpg,0,0,1,18,0,0,4,23
9999951_00000_d_0000176_jpg.rf.d2c8c2234b51b14a94eb8ae9998ede98.jpg,0,0,3,10,0,0,5,18
9999951_00000_d_0000181_jpg.rf.5c23db7ce0da79aa9c4b3eaf37be7bd2.jpg,0,0,3,13,0,0,5,21
9999951_00000_d_0000237_jpg.rf.8d041d8d70556aa110ad5dc206f1e03e.jpg,0,0,1,7,0,0,2,10
9999951_00000_d_0000263_jpg.rf.675e4c26fecc8dac799e685a0b43de77.jpg,0,0,1,7,0,0,5,13
9999951_00000_d_0000265_jpg.rf.9820ce0e9ba4184795a9647a8b620884.jpg,0,0,1,3,0,0,5,9
9999951_00000_d_0000273_jpg.rf.4208ca425c002f062851a5ee9c74b1dd.jpg,0,0,2,12,0,21,4,39
9999951_00000_d_0000282_jpg.rf.5fa58ee2993890d6c8281645573ff32a.jpg,0,0,0,12,0,6,8,26
9999951_00000_d_0000284_jpg.rf.1fbf51234b1fc140fcd072c47ec0b8bb.jpg,0,0,2,18,0,5,8,33
9999951_00000_d_0000285_jpg.rf.a07a3c04bbbad1d5cb613f2f023b445b.jpg,0,0,2,13,0,3,11,29
9999951_00000_d_0000301_jpg.rf.c44106c2db96edc5b5ead887aead10cb.jpg,0,0,6,21,0,0,9,36
9999951_00000_d_0000332_jpg.rf.6f22e711b14d15f72007903a8a9ec8ec.jpg,0,0,0,1,0,1,0,2
9999953_00000_d_0000027_jpg.rf.bd16544a9e582f32a6ab6b2828fd4bc8.jpg,0,0,2,7,0,1,3,13
9999953_00000_d_0000074_jpg.rf.d9f0b6f6be81a0e673fae6b840b16dd9.jpg,0,0,0,3,0,0,0,3
9999953_00000_d_0000076_jpg.rf.4341c0cbc43873b16c95ffb628d03e98.jpg,0,0,3,14,0,0,0,17
9999953_00000_d_0000122_jpg.rf.5eba6c5b6fc19d854405923578a4ed16.jpg,0,0,0,7,0,0,3,10
9999953_00000_d_0000144_jpg.rf.171eb1d9b19cbb8ec60577a068026b13.jpg,0,0,0,2,0,0,0,2
9999953_00000_d_0000183_jpg.rf.9d21ec0b98f20c917c2e39688306fad0.jpg,0,0,0,6,0,0,0,6
9999953_00000_d_0000217_jpg.rf.650c20294611af357363d46941d0fee5.jpg,0,0,0,7,0,0,0,7
9999955_00000_d_0000040_jpg.rf.b09988fdaf7646c098770de5533ee56f.jpg,0,0,1,10,0,0,0,11
9999955_00000_d_0000045_jpg.rf.805411f67502bfcc814635868b37f6b8.jpg,0,0,0,15,0,0,1,16
9999955_00000_d_0000088_jpg.rf.65b72b9628e84a1bc24ef702fa21794c.jpg,0,0,2,12,0,0,1,15
9999955_00000_d_0000154_jpg.rf.cc8981ac96f37713cd2bad65f4459259.jpg,0,0,0,23,0,9,1,33
9999955_00000_d_0000158_jpg.rf.727b701fdc31f9e2fc085b8484c8e7fc.jpg,0,0,0,20,0,3,2,25
9999955_00000_d_0000162_jpg.rf.63b4c7391cc37bf78b76a97b2814ec0e.jpg,0,0,0,7,0,0,1,8
9999955_00000_d_0000171_jpg.rf.ddf32576e791583c1ea1cb3994c262e4.jpg,0,0,3,8,0,0,1,12
9999955_00000_d_0000187_jpg.rf.32f619a172bbf2064383e59b7207a5d2.jpg,0,0,0,0,0,5,0,5
9999955_00000_d_0000198_jpg.rf.906ff2c46675a602377f238cb736273f.jpg,0,0,1,5,0,5,0,11
9999955_00000_d_0000234_jpg.rf.b52f52e01b22ccebf5630762d8f51489.jpg,0,0,0,0,0,31,0,31
9999955_00000_d_0000281_jpg.rf.4c8181aa1389925a3fd4deae9365b9bb.jpg,0,0,1,12,22,3,0,38
9999955_00000_d_0000297_jpg.rf.8183751c1d36cf2d11a4c91419a3abef.jpg,0,0,9,2,0,0,0,11
9999955_00000_d_0000298_jpg.rf.f2433527fbc60f9344a73fd6517f1d5f.jpg,0,0,1,2,0,0,0,3
9999955_00000_d_0000301_jpg.rf.0b28e5d2f3c2ca06733a8e58c1d21e60.jpg,0,0,0,3,0,0,6,9
9999955_00000_d_0000320_jpg.rf.e8f7a8bad507b2dd0e61a501f54e4c6a.jpg,0,0,17,11,0,0,3,31
9999955_00000_d_0000330_jpg.rf.eee452069e94137fd320c619e7c6c9b7.jpg,0,0,6,9,0,0,3,18
9999955_00000_d_0000405_jpg.rf.4ef761a6365476acdf475fd38a5a6850.jpg,0,0,3,3,0,0,4,10
9999956_00000_d_0000029_jpg.rf.dd46728a9a376f5e1736b6d986a7da94.jpg,0,0,2,14,0,0,3,19
9999956_00000_d_0000046_jpg.rf.7c2c6ae215277550247fbee8fc6ea835.jpg,0,0,0,9,0,0,0,9
9999956_00000_d_0000088_jpg.rf.193181a5e485e10b311306204ad38c34.jpg,0,0,3,7,0,0,0,10
9999956_00000_d_0000111_jpg.rf.04e3a593f262b9c3efe73ce11c9d8c27.jpg,0,0,0,34,0,0,2,36
9999960_00000_d_0000009_jpg.rf.03815ca63cec5098f994b5c39f4a94a8.jpg,0,0,0,19,0,2,2,23
9999960_00000_d_0000012_jpg.rf.9cda04ef1e2f7bee5a652d5b2bfd4ba2.jpg,0,0,0,28,0,0,1,29
9999960_00000_d_0000032_jpg.rf.95c82e41feb8260f6e678d5e6aab2e3d.jpg,0,0,0,24,0,1,0,25
9999960_00000_d_0000038_jpg.rf.85b2d41a91aa02cff0f55018367f1631.jpg,0,0,0,24,0,0,2,26
9999960_00000_d_0000049_jpg.rf.f40b7e7875b09dd5c2d08381877c99c9.jpg,0,0,0,23,0,0,2,25
9999960_00000_d_0000061_jpg.rf.378463a7ad09dca7320201f00ac5d8ea.jpg,0,0,0,9,0,0,0,9
9999960_00000_d_0000069_jpg.rf.b976bde935563440527f823d8709af39.jpg,0,0,0,11,0,0,0,11
9999960_00000_d_0000082_jpg.rf.fc277e89aea1a39bb536063f15226843.jpg,0,0,0,10,0,0,1,11
9999960_00000_d_0000089_jpg.rf.9494c197122d4f624a65990923c70b6d.jpg,0,0,0,16,0,1,0,17
9999960_00000_d_0000098_jpg.rf.7f7a5e8e6b8582367190d89bb5565b12.jpg,0,0,0,30,0,0,3,33
9999960_00000_d_0000104_jpg.rf.abd463f3801cff1823c0c1d05cac54d8.jpg,0,0,0,15,0,0,1,16
9999960_00000_d_0000116_jpg.rf.23fc2f4a536ee49670f86015187305f2.jpg,0,0,0,29,0,0,1,30
9999960_00000_d_0000134_jpg.rf.77b31b9adaae669a2e636d44206ba063.jpg,0,0,0,17,0,0,0,17
9999962_00000_d_0000004_jpg.rf.941f3f9374750a611b170692ad87064b.jpg,0,0,0,0,0,15,0,15
9999962_00000_d_0000017_jpg.rf.616b7682b8ed1c36edc3361a6ee92574.jpg,0,0,0,17,3,7,4,31
9999962_00000_d_0000019_jpg.rf.2a4d1209761df141cfb8a88af2d79e6e.jpg,0,0,0,17,0,2,4,23
9999962_00000_d_0000023_jpg.rf.6b27ce715c8ca422a09f8695bdcb5971.jpg,0,0,0,15,8,5,9,37
9999962_00000_d_0000036_jpg.rf.b14a7b22f8625695115ff4d72542b5ab.jpg,0,0,0,20,0,3,0,23
9999962_00000_d_0000041_jpg.rf.b771a88c26a805f40bed838257ce7c55.jpg,0,0,0,7,8,2,4,21
9999962_00000_d_0000048_jpg.rf.c1c2294be9a00d21f1f5f7b214af51a0.jpg,0,0,0,7,2,1,4,14
9999962_00000_d_0000118_jpg.rf.b34b3e9a5deab9750bf80a731e6e0d5a.jpg,0,0,0,20,0,0,6,26
9999962_00000_d_0000166_jpg.rf.742305e0794866a3f464f517cb389cb8.jpg,0,0,0,0,0,7,1,8
9999964_00000_d_0000041_jpg.rf.a1a9ff75f2617978f9b94dcb330e5ab7.jpg,0,0,0,47,0,2,3,52
9999964_00000_d_0000075_jpg.rf.8f27f717ad1e8a6f1683517e0eb03fe4.jpg,0,0,0,55,0,4,6,65
9999964_00000_d_0000079_jpg.rf.24c4fe84bac1e519755be750b71cfb1d.jpg,0,0,0,25,0,2,4,31
9999966_00000_d_0000033_jpg.rf.99fa85061aeda74d73d817965bcd3840.jpg,0,0,2,31,3,8,7,51
9999966_00000_d_0000034_jpg.rf.bac9a36a7dfc30cb9ea92754acac3c38.jpg,0,0,2,14,2,13,3,34
9999966_00000_d_0000125_jpg.rf.32e6ad902bb94e89512255abb22d987e.jpg,0,0,0,5,1,6,0,12
9999966_00000_d_0000131_jpg.rf.b83ebd7c2f753eddc7582962ec56b2cd.jpg,0,0,1,47,2,23,1,74
9999967_00000_d_0000038_jpg.rf.0e259839bc0b937b6da2346226b6f73d.jpg,0,0,0,7,2,14,0,23
9999969_00000_d_0000002_jpg.rf.b4d42e0018112bbc0ebe3f992900ecf6.jpg,0,0,0,24,1,8,2,35
9999969_00000_d_0000032_jpg.rf.58448a8e8a6b7ffcc082c78186c2ca81.jpg,0,0,1,36,0,7,2,46
9999969_00000_d_0000034_jpg.rf.57295fe983a27e6472f3003966d44c89.jpg,0,0,1,27,0,2,0,30
9999969_00000_d_0000053_jpg.rf.9b1ac603aebd4c05dcbf7fad610b3de5.jpg,0,0,0,12,0,0,0,12
9999969_00000_d_0000055_jpg.rf.3678161589b9c29e90fb5a25007efd6a.jpg,0,0,0,7,0,1,1,9
9999969_00000_d_0000059_jpg.rf.c093d62720d2a6cf6743b8e588fa297d.jpg,0,0,0,0,0,15,0,15
9999970_00000_d_0000001_jpg.rf.402b987ad20c33639bab3f570838e8b9.jpg,0,0,1,11,0,0,0,12
9999970_00000_d_0000002_jpg.rf.fccd63dd7b156da8a7a441bd40b4a523.jpg,0,0,2,50,0,4,2,58
9999970_00000_d_0000019_jpg.rf.8fa1e0e27d47546278f398cc9583946b.jpg,0,0,2,30,0,4,1,37
9999970_00000_d_0000031_jpg.rf.8c202db23b24936a5f2f4e4b34081e34.jpg,0,0,0,16,0,10,3,29
9999970_00000_d_0000040_jpg.rf.bb6cf05aecc33087dfa5c96597dceeae.jpg,0,0,1,19,0,4,0,24
9999970_00000_d_0000047_jpg.rf.009a6a762e5afcba46be240c0f2af610.jpg,0,0,3,25,0,4,2,34
9999972_00000_d_0000011_jpg.rf.8b4089c46b06c7a2834481c97c8a7ac4.jpg,0,0,0,12,0,0,3,15
9999972_00000_d_0000016_jpg.rf.6229f0392871425f03a8a576bf278b98.jpg,0,0,0,7,0,0,1,8
9999972_00000_d_0000018_jpg.rf.b4045f12d79a21b0389c7576b8f4d5b8.jpg,0,0,0,8,0,0,1,9
9999972_00000_d_0000124_jpg.rf.3e85531cad6667c9a989820b6b0d3f56.jpg,0,0,0,19,0,0,0,19
9999972_00000_d_0000132_jpg.rf.929653f58a79c13f78e9808d31fb90e8.jpg,0,0,0,4,0,0,0,4
9999972_00000_d_0000150_jpg.rf.b07120d615e9022e0789016508a2ce00.jpg,0,0,0,13,0,0,0,13
9999974_00000_d_0000001_jpg.rf.560beb40637e59b0d08e0a50acb98933.jpg,0,0,0,21,0,0,2,23
9999974_00000_d_0000009_jpg.rf.4999005822bb39a17d0b5fbc2073f1a3.jpg,0,0,0,14,0,0,1,15
9999974_00000_d_0000032_jpg.rf.2d02867e568a6aadf6cae407417c4918.jpg,0,0,0,5,0,0,7,12
9999977_00000_d_0000018_jpg.rf.68cfc3d0e0cd23a67e8c4a83a61b2f80.jpg,0,0,0,8,0,0,1,9
9999977_00000_d_0000029_jpg.rf.4f77e7d34d7efdc614e96ab6ccb79986.jpg,0,0,1,7,1,0,0,9
9999977_00000_d_0000073_jpg.rf.a5f9d564132293bff3a31dc6743d7a78.jpg,0,0,0,3,0,0,0,3
9999977_00000_d_0000100_jpg.rf.e9f2bbf9e69c89f3f20031fb5e3a1c60.jpg,0,0,0,4,0,0,1,5
9999981_00000_d_0000007_jpg.rf.1cf4c78193ea531e54b0c3cf67310783.jpg,0,0,0,1,0,3,0,4
9999981_00000_d_0000051_jpg.rf.faf8388c929cfcdc59e7cf8da26e198a.jpg,0,0,1,1,1,0,6,9
9999981_00000_d_0000075_jpg.rf.a0262765e838dc29c2235f2bd906d823.jpg,0,0,0,19,2,0,5,26
9999981_00000_d_0000144_jpg.rf.9a81e77ecd1d273a243b62c13bf2fe70.jpg,0,0,0,23,1,1,3,28
9999981_00000_d_0000154_jpg.rf.1dbe2e06d8acfb77283eb95a6eb4fba5.jpg,0,0,0,4,0,0,0,4
9999982_00000_d_0000032_jpg.rf.5f11d4ec1e0c7036581ccb0946721241.jpg,0,0,0,2,0,0,3,5
9999982_00000_d_0000052_jpg.rf.de6bd2593793afa414cf1540b2268ef5.jpg,0,0,0,0,0,0,2,2
9999982_00000_d_0000221_jpg.rf.5bcf69bc6ddc13e9827ba770db09e069.jpg,0,0,0,15,0,0,2,17
9999982_00000_d_0000237_jpg.rf.b0b124ce9bfbf9b7006b421869e7663b.jpg,0,0,1,22,0,0,2,25
9999982_00000_d_0000256_jpg.rf.5a046b1ebed146d1830f61a8304f35b1.jpg,0,0,1,24,0,0,5,30
9999984_00000_d_0000014_jpg.rf.1a764296fc036488364c8d2bb3ef4685.jpg,0,0,0,4,0,0,1,5
9999984_00000_d_0000020_jpg.rf.2bf279ac7d152c9f3cd5e5e04548cc71.jpg,0,0,0,0,0,0,0,0
9999984_00000_d_0000036_jpg.rf.9596f13cb65c9d414fdf18bffa403e48.jpg,0,0,0,7,0,0,6,13
9999984_00000_d_0000068_jpg.rf.0d372cdcfd0c1e8dae7b149a537ba483.jpg,0,0,1,6,0,0,0,7
9999984_00000_d_0000071_jpg.rf.8450feddab5933827308b8683ee9fd4e.jpg,0,0,0,8,0,0,6,14
9999984_00000_d_0000078_jpg.rf.23f813810000f1a023922e588547f6e8.jpg,0,0,1,17,0,0,5,23
9999984_00000_d_0000084_jpg.rf.5f62232b676f1efcf61d8a432e40c904.jpg,0,0,0,7,0,0,0,7
9999984_00000_d_0000107_jpg.rf.879027070161e76407405090b1378ff7.jpg,0,0,0,1,1,6,3,11
9999984_00000_d_0000128_jpg.rf.0d8828b30d3c8e4eef6db7be7a211e51.jpg,0,0,0,2,0,0,1,3
9999984_00000_d_0000133_jpg.rf.0080f20ebb64dce70cb8292a4dec3fbe.jpg,0,0,0,15,0,0,5,20
9999984_00000_d_0000153_jpg.rf.f95b73c751c4cd2be708539a6074bdbb.jpg,0,0,0,8,0,0,4,12
9999984_00000_d_0000154_jpg.rf.7bbece592813cef15b1ea249e9b002f1.jpg,0,0,0,5,0,0,4,9
9999985_00000_d_0000015_jpg.rf.4e0c69f2ff40b5495a36f57abcbf88cc.jpg,0,0,1,2,1,3,3,10
9999985_00000_d_0000046_jpg.rf.8dac688cccd993515e11e382fb33a7e4.jpg,0,0,0,5,0,0,3,8
9999985_00000_d_0000068_jpg.rf.e2aac5a84125bf4641ec9888ae22bff5.jpg,0,0,0,2,0,1,2,5
9999989_00000_d_0000007_jpg.rf.e5198232e721f0eee04e70fef2531c22.jpg,0,0,0,7,0,0,3,10
9999989_00000_d_0000013_jpg.rf.f637f1e648f7bb1743730d6537498dd8.jpg,0,0,0,22,0,3,2,27
9999990_00000_d_0000007_jpg.rf.c66734a94149bd9a8adbfc2fc88536b7.jpg,0,0,0,7,2,4,1,14
9999990_00000_d_0000038_jpg.rf.3d0b3088caf73ca2ef588d5ea31f1162.jpg,0,0,0,22,10,0,2,34
9999990_00000_d_0000068_jpg.rf.31354cc0075819719facc72b0e102aff.jpg,0,0,1,15,4,1,1,22
9999990_00000_d_0000069_jpg.rf.818514856065696f2aa618c4e0d5bd3b.jpg,0,0,0,4,25,0,1,30
9999991_00000_d_0000009_jpg.rf.43ed6e1c9daaab9f13f5fc2455e72e16.jpg,0,0,0,26,0,0,3,29
9999991_00000_d_0000022_jpg.rf.fca9f4a21f7cb3d5931ce70addb8a949.jpg,0,0,0,35,8,3,7,53
9999991_00000_d_0000024_jpg.rf.d95667b2739b5352c0002fcc29d1d267.jpg,0,0,0,15,0,0,1,16
9999994_00000_d_0000006_jpg.rf.aa96df2b089dba7eebd07624c3f44c74.jpg,0,0,0,22,0,0,1,23
9999994_00000_d_0000008_jpg.rf.e840fe7feef8c1ad8931d3e23582655a.jpg,0,0,0,16,0,0,1,17
9999994_00000_d_0000026_jpg.rf.24dde54c6bf4a0ab1834be0d1f9224e1.jpg,0,0,1,18,0,0,0,19
9999994_00000_d_0000029_jpg.rf.78156ef07cafc1ca2142a0eca7187646.jpg,0,0,0,11,0,0,2,13
9999994_00000_d_0000032_jpg.rf.a3de1002d6d17cf395c3e376a66100e0.jpg,0,0,0,23,0,0,1,24
9999994_00000_d_0000044_jpg.rf.2475730a5b50612d66875cb9841a8308.jpg,0,0,0,21,0,0,0,21
9999994_00000_d_0000048_jpg.rf.f082ea70f1287a119d9a9599c90dfdf6.jpg,0,0,0,31,0,0,1,32
9999994_00000_d_0000052_jpg.rf.5da0867b07f4c9ceb78754eb4a8d669a.jpg,0,0,0,18,0,0,0,18
9999994_00000_d_0000056_jpg.rf.3271623de1b5eff52923941d05eaa136.jpg,0,0,0,30,0,1,0,31
9999994_00000_d_0000059_jpg.rf.572d38fbca11e13aafd865d4879be7a2.jpg,0,0,0,12,0,2,2,16
9999994_00000_d_0000070_jpg.rf.dfb9cc4134d8b1d55293badfd2139424.jpg,0,0,0,6,0,0,0,6
9999994_00000_d_0000089_jpg.rf.5a0cde59e7c1e6f88a4bacfff76777b2.jpg,0,0,0,68,0,2,1,71
9999994_00000_d_0000093_jpg.rf.f5e375b32443214b06b8f19673ca512c.jpg,0,0,0,51,0,4,2,57
9999997_00000_d_0000019_jpg.rf.38482a35086818dae99c6cbed0ea987c.jpg,0,0,0,0,0,2,0,2
9999997_00000_d_0000028_jpg.rf.4dcb77e669f2a4a340bbc0a3722c82d4.jpg,0,0,0,0,0,0,0,0
9999997_00000_d_0000031_jpg.rf.ad16eb3691b829cf0f696bbd3b659214.jpg,0,0,0,0,0,1,0,1
9999997_00000_d_0000052_jpg.rf.ad4971adce9c71b660c9a323f7a01c6c.jpg,0,0,0,0,0,0,0,0
9999997_00000_d_0000058_jpg.rf.957443ad9a8f963f95caf029cef6ae38.jpg,0,0,0,0,0,0,0,0
9999998_00002_d_0000001_jpg.rf.80fde9a4435945382516077e213e7dfb.jpg,0,0,0,19,0,10,0,29
9999998_00030_d_0000023_jpg.rf.039e5f02b6a312e3e6b9fee33986f79d.jpg,0,0,0,0,0,7,0,7
9999998_00065_d_0000050_jpg.rf.7a63d2e026d42d517b2303beb8783aa9.jpg,0,0,0,55,0,0,1,56
9999998_00081_d_0000066_jpg.rf.1ed303b1f96282ef23efc6afb768e6a6.jpg,0,0,0,30,0,0,1,31
9999998_00104_d_0000082_jpg.rf.0a0594546e1f50dabc95fbcbc129230d.jpg,0,0,0,25,0,0,3,28
9999998_00120_d_0000098_jpg.rf.2f2c8b83c815a5c632b81b2ca5a15762.jpg,0,0,0,48,0,0,0,48
9999998_00137_d_0000115_jpg.rf.91ac759f5ae4c1402a8dd3342e586c46.jpg,0,0,0,18,1,1,2,22
9999998_00148_d_0000124_jpg.rf.be89073c24a1a07945a8f82c2ee61ff7.jpg,0,0,1,31,1,1,2,36
9999998_00178_d_0000143_jpg.rf.7a3e2b2e43e99a10f975773c91f697dc.jpg,0,0,0,9,0,0,0,9
9999998_00215_d_0000171_jpg.rf.4846f09376ebf242a064f8965351421d.jpg,0,0,1,11,0,0,3,15
9999998_00277_d_0000230_jpg.rf.b3d318d5bc579ac0e6e2fd89aafcd78d.jpg,0,0,1,14,0,0,4,19
9999998_00296_d_0000249_jpg.rf.af4f63afa896c9882cd46c5372bb74ae.jpg,0,0,0,11,0,0,2,13
9999998_00307_d_0000260_jpg.rf.5771a5a605afb29d3e7632a521d19f42.jpg,0,0,0,8,0,0,0,8
9999998_00361_d_0000313_jpg.rf.48bba1634ca422cdd5d53e2ba6370a88.jpg,0,0,0,28,1,2,6,37
9999998_00368_d_0000320_jpg.rf.34e79c03dd0d6348999d08a108f19206.jpg,0,0,0,7,2,3,7,19
9999998_00391_d_0000343_jpg.rf.75dc7433266588979ddef518ffbe2436.jpg,0,0,0,8,0,7,5,20
9999998_00405_d_0000357_jpg.rf.02a91a677f8462f20d1e92b028818b9f.jpg,0,0,0,5,0,0,6,11
9999998_00422_d_0000374_jpg.rf.8f1e34f405d17dcb8826338bd7db2cc4.jpg,0,0,0,11,0,2,0,13
9999998_00435_d_0000387_jpg.rf.f98da446f2d854b89f7034447df9fa5b.jpg,0,0,0,42,0,2,3,47
9999999_00027_d_0000002_jpg.rf.3a919366aff06d0287a738bda27561c3.jpg,0,0,0,29,0,0,1,30
9999999_00091_d_0000032_jpg.rf.a293d27cd0603fe915bade425e52b765.jpg,0,0,0,47,0,0,1,48
9999999_00203_d_0000084_jpg.rf.05710087f034fdff5778822434b8227f.jpg,0,0,0,20,1,10,3,34
9999999_00283_d_0000124_jpg.rf.61900adf2ae44a98ba32c9b4b2b39f71.jpg,0,0,0,2,1,14,3,20
9999999_00322_d_0000141_jpg.rf.7d65ab0bfed7127582addac77c8aaa3a.jpg,0,0,0,2,3,21,2,28
9999999_00368_d_0000160_jpg.rf.853545dedbfb38a8cfd8c537dd3810b5.jpg,0,0,0,7,1,19,3,30
9999999_00370_d_0000161_jpg.rf.1ea517f48f6bb672f46728f01f6c99ab.jpg,0,0,0,11,1,17,2,31
9999999_00446_d_0000198_jpg.rf.047f8cac71efcd5d86fc0d2e12bbc48c.jpg,0,0,0,19,0,2,0,21
9999999_00464_d_0000207_jpg.rf.c30ab5c0e6ae2ef8a8a99145fa5c4812.jpg,0,0,0,11,0,0,0,11
9999999_00490_d_0000218_jpg.rf.df414a5a861e709cd16ea839301d0a27.jpg,0,0,0,17,1,1,1,20
9999999_00518_d_0000232_jpg.rf.07624e94e8fcf84b888b91b4d37cf1f9.jpg,0,0,0,37,1,0,5,43
9999999_00630_d_0000286_jpg.rf.f94c89d96dd98149bbf4ba2e5c236720.jpg,0,0,0,16,0,0,5,21
9999999_00761_d_0000348_jpg.rf.bb391771126045a5c4d84f21c7e4783c.jpg,0,0,1,18,0,1,4,24
DJI_0043_MOV-141_jpg.rf.d5cb67407503093c6145f6fb29bd871f.jpg,5,0,0,0,0,0,0,5
DJI_0043_MOV-192_jpg.rf.4bbb42a5a3a7e203bc3a4a8953d06087.jpg,0,0,0,0,0,0,0,0
DJI_0043_MOV-194_jpg.rf.7caee5ba7de6b55d3fe5befad68922f7.jpg,0,0,0,0,0,0,0,0
DJI_0043_MOV-259_jpg.rf.99f963059ebfe2f20bb30c14641314f0.jpg,1,0,0,0,0,0,0,1
DJI_0043_MOV-46_jpg.rf.ce9abdbbe7f7e4ebc259528438824479.jpg,5,0,0,0,0,0,0,5
DJI_0043_MOV-47_jpg.rf.5d81075b545cdf44ead8d1df6e994df7.jpg,8,0,0,0,0,0,0,8
DJI_0043_MOV-67_jpg.rf.413ee76e3cac6099fc82ebff2b5c3a7c.jpg,0,0,0,0,0,0,0,0
DJI_0043_MOV-69_jpg.rf.e4f418605d3802afe1c48bb40c7ec91d.jpg,1,0,0,0,0,0,0,1
DJI_0043_MOV-76_jpg.rf.c239c5a090334fa199d2cff934764a7d.jpg,0,0,0,0,0,0,0,0
DJI_0043_MOV-85_jpg.rf.47b016ab1abef5f2db40394202840b8e.jpg,0,0,0,0,0,0,0,0
DJI_0043_MOV-89_jpg.rf.4f595b46ad0060bd6e5625dc945ca5b1.jpg,2,0,0,0,0,0,0,2
DJI_0043_MOV-91_jpg.rf.3093d7ed2699ca40e2f0f35785f5290a.jpg,1,0,0,0,0,0,0,1
DJI_0044_MOV-446_jpg.rf.03adbacc7b2e2c43c15c4b2032b58dcb.jpg,4,0,0,0,0,0,0,4
DJI_0044_MOV-451_jpg.rf.9ee982017fcfdb88a789686fc7a80f41.jpg,8,0,0,0,0,0,0,8
DJI_0044_MOV-453_jpg.rf.3a3321ccebe635514c4f58fc6e64f337.jpg,7,0,0,0,0,0,0,7
DJI_0044_MOV-456_jpg.rf.7ef1e01ae49d11790d1da0fac9ccb3da.jpg,3,0,0,0,0,0,0,3
DJI_0044_MOV-476_jpg.rf.4562a0bdd3ab2ad3bf7d80404f1bf85b.jpg,2,0,0,0,0,0,0,2
DJI_0044_MOV-477_jpg.rf.f8fc7d5e321442712084af6395093f93.jpg,0,0,0,0,0,0,0,0
DJI_0044_MOV-478_jpg.rf.248f117990b2ce11495b691858930f65.jpg,1,0,0,0,0,0,0,1
DJI_0044_MOV-479_jpg.rf.9dd33a0caba70eeba3240b16d7e553a0.jpg,2,0,0,0,0,0,0,2
DJI_0044_MOV-480_jpg.rf.0fd0ddc9b369e8b316d94f55083daaa7.jpg,2,0,0,0,0,0,0,2
DJI_0044_MOV-481_jpg.rf.3e221ff6aba0bcec3585beed19b6decb.jpg,5,0,0,0,0,0,0,5
DJI_0044_MOV-482_jpg.rf.1f55b9178350600da82ca3a59149733c.jpg,4,0,0,0,0,0,0,4
DJI_0044_MOV-483_jpg.rf.b688a74a385f0f775fdc6815f7ca5d03.jpg,4,0,0,0,0,0,0,4
DJI_0044_MOV-484_jpg.rf.2f21fba6434cca997020065e00ad925f.jpg,7,0,0,0,0,0,0,7
DJI_0044_MOV-485_jpg.rf.bff2446051192267b9d2fb406533fc89.jpg,4,0,0,0,0,0,0,4
DJI_0044_MOV-486_jpg.rf.8d6cc2e428459454aba556b8ba0bfb06.jpg,6,0,0,0,0,0,0,6
DJI_0044_MOV-487_jpg.rf.060f434cc6eb35b0dcdb2295e47f9ef1.jpg,10,0,0,0,0,0,0,10
DJI_0044_MOV-488_jpg.rf.763dac96fe29d48f138b3795d4d7a9fe.jpg,8,0,0,0,0,0,0,8
DJI_0044_MOV-489_jpg.rf.d5db1b86813b509089820e6feca76357.jpg,6,0,0,0,0,0,0,6
DJI_0044_MOV-490_jpg.rf.b6336b468c532dd7edefa7c491d2b9fc.jpg,9,0,0,0,0,0,0,9
DJI_0044_MOV-491_jpg.rf.8ef6cb075003951dc70e78c5e5c8b719.jpg,12,0,0,0,0,0,0,12
DJI_0044_MOV-492_jpg.rf.8cd30705a10c08387d0b9c1c20cd8622.jpg,9,0,0,0,0,0,0,9
DJI_0044_MOV-493_jpg.rf.c13d68b8fa2eca323cac7e9a46be9768.jpg,7,0,0,0,0,0,0,7
DJI_0044_MOV-494_jpg.rf.52a428eed5870b46afead1dc4db9f0de.jpg,9,0,0,0,0,0,0,9
DJI_0044_MOV-495_jpg.rf.e774d1435e90c35fa1df4756f0fa5866.jpg,5,0,0,0,0,0,0,5
DJI_0044_MOV-496_jpg.rf.48dd3e4aea2d6dfb9d8b69a5ea235a0d.jpg,7,0,0,0,0,0,0,7
DJI_0044_MOV-497_jpg.rf.0c00ecee479b3fc661528e405ce10101.jpg,7,0,0,0,0,0,0,7
DJI_0044_MOV-498_jpg.rf.21928f1961bd253633e298b1cd050518.jpg,6,0,0,0,0,0,0,6
DJI_0044_MOV-499_jpg.rf.1de115668af60ce6c5df1eb89d5e5f28.jpg,8,0,0,0,0,0,0,8
DJI_0044_MOV-500_jpg.rf.edd9ff3b05d45fd8bf360847ed46d565.jpg,7,0,0,0,0,0,0,7
DJI_0044_MOV-501_jpg.rf.e9826337ffab0108b7fa8d55a9caae95.jpg,7,0,0,0,0,0,0,7
DJI_0044_MOV-502_jpg.rf.cd96be5b9b01e6c01836e321f5e60012.jpg,10,0,0,0,0,0,0,10
DJI_0044_MOV-503_jpg.rf.b07161232cd6283e64f761b5f22b3603.jpg,7,0,0,0,0,0,0,7
DJI_0044_MOV-504_jpg.rf.77df1a8af9d3ceb1f61c3a6d0d123c9f.jpg,8,0,0,0,0,0,0,8
DJI_0044_MOV-505_jpg.rf.2099ff44deff543526cb0bfe3ee62ca9.jpg,8,0,0,0,0,0,0,8
DJI_0044_MOV-506_jpg.rf.da8cf0aa5234eafc7b3b60dfa34ae259.jpg,8,0,0,0,0,0,0,8
DJI_0044_MOV-507_jpg.rf.f75ea10875e28ff1d6fb33aa7aa6fb40.jpg,8,0,0,0,0,0,0,8
DJI_0044_MOV-508_jpg.rf.6a95c9b494fe147afd6a39d697362e49.jpg,6,0,0,0,0,0,0,6
DJI_0044_MOV-509_jpg.rf.8c81b77ee5ee4b86a7f8ad9755f1f5a4.jpg,6,0,0,0,0,0,0,6
DJI_0044_MOV-510_jpg.rf.6da3377fdef996af74fcff16c6f1010c.jpg,6,0,0,0,0,0,0,6
DJI_0044_MOV-511_jpg.rf.81a4cb7a2caa2de1c59a3fa53d1df463.jpg,6,0,0,0,0,0,0,6
DJI_0044_MOV-512_jpg.rf.15d5034c689de3d4d8ad188ae7c57425.jpg,4,0,0,0,0,0,0,4
DJI_0044_MOV-513_jpg.rf.eebd70b1e6eee234ccf9df7a88cfc83a.jpg,5,0,0,0,0,0,0,5
DJI_0044_MOV-514_jpg.rf.c950a67c60e2ab89b8501734356aee79.jpg,6,0,0,0,0,0,0,6
DJI_0044_MOV-515_jpg.rf.5a54762d2f1ba4cee3d644521b881faf.jpg,4,0,0,0,0,0,0,4
DJI_0044_MOV-516_jpg.rf.6971f3b3ae9b80c35025b10e2fdec8f8.jpg,4,0,0,0,0,0,0,4
DJI_0044_MOV-517_jpg.rf.350eb48bf7b52bff6bca037797f2a70a.jpg,5,0,0,0,0,0,0,5
DJI_0044_MOV-518_jpg.rf.e3af4cb0436c73cf5278cddb1c9980c8.jpg,3,0,0,0,0,0,0,3
DJI_0044_MOV-519_jpg.rf.3c22873a7a56c4c2b361aefe49ebb098.jpg,6,0,0,0,0,0,0,6
DJI_0044_MOV-520_jpg.rf.c1cc873022becf4b5a61725590b42f7a.jpg,5,0,0,0,0,0,0,5
DJI_0044_MOV-521_jpg.rf.4b9298cd6e22fc0e0b204a61702a3595.jpg,6,0,0,0,0,0,0,6
DJI_0044_MOV-522_jpg.rf.9b06182441fd38f4581b26d32b466457.jpg,6,0,0,0,0,0,0,6
DJI_0044_MOV-523_jpg.rf.e8dbabf7172247d457f6623b1bb1ae3a.jpg,4,0,0,0,0,0,0,4
DJI_0044_MOV-524_jpg.rf.337c57808ab8a5a321a0cd9029787597.jpg,4,0,0,0,0,0,0,4
DJI_0044_MOV-525_jpg.rf.eb3b0bcfe3ac5bf0c280049c79a38d53.jpg,5,0,0,0,0,0,0,5
DJI_0044_MOV-526_jpg.rf.1dce4ad5e19452936705235c39403a1a.jpg,3,0,0,0,0,0,0,3
DJI_0044_MOV-527_jpg.rf.76aeca13fdbdd14dacdc15513b076bb5.jpg,6,0,0,0,0,0,0,6
DJI_0044_MOV-528_jpg.rf.eb0b591f4dbb9ba5676c8c36cb7b5f7b.jpg,4,0,0,0,0,0,0,4
DJI_0044_MOV-529_jpg.rf.4c5871bef4b1dc9fa553f1d220bd45e8.jpg,5,0,0,0,0,0,0,5
DJI_0044_MOV-530_jpg.rf.f73da8e4c692ad2b83ff513f9ab1ed19.jpg,5,0,0,0,0,0,0,5
DJI_0044_MOV-531_jpg.rf.6a9914283a92604c5598c7b23954186e.jpg,8,0,0,0,0,0,0,8
DJI_0044_MOV-532_jpg.rf.7d8c1fb28c1ad707496e5388598ddb20.jpg,5,0,0,0,0,0,0,5
DJI_0044_MOV-533_jpg.rf.c57bc50eafa285049ba2bb00950080a7.jpg,4,0,0,0,0,0,0,4
DJI_0044_MOV-534_jpg.rf.1d1236193da3f9b18c81fec3f02d3cc6.jpg,6,0,0,0,0,0,0,6
DJI_0044_MOV-535_jpg.rf.73c1ee1bb91d4769ccf4116956f5a9c8.jpg,3,0,0,0,0,0,0,3
DJI_0044_MOV-536_jpg.rf.dc6ad8d1c3bff4daa0c379320f8a5f09.jpg,2,0,0,0,0,0,0,2
DJI_0044_MOV-537_jpg.rf.bf5a631157df258f0ec379141049406e.jpg,5,0,0,0,0,0,0,5
DJI_0044_MOV-538_jpg.rf.be2ce1367820068119d86d2776027125.jpg,2,0,0,0,0,0,0,2
DJI_0044_MOV-539_jpg.rf.6cb984eac5feaeab76db08f532a9c32b.jpg,5,0,0,0,0,0,0,5
DJI_0044_MOV-540_jpg.rf.951d56cd653caf86fed3ae2c81c4b29f.jpg,1,0,0,0,0,0,0,1
DJI_0044_MOV-541_jpg.rf.5d1872506df487343ec2e65218189d80.jpg,1,0,0,0,0,0,0,1
DJI_0044_MOV-542_jpg.rf.d2df856f111c88ed11b2df7ab110b1a5.jpg,2,0,0,0,0,0,0,2
DJI_0044_MOV-543_jpg.rf.f5a4c042e29b7ee2b1078ab0fa5e8654.jpg,1,0,0,0,0,0,0,1
DJI_0044_MOV-544_jpg.rf.0a64e1a9d82848926242eee47af89647.jpg,2,0,0,0,0,0,0,2
DJI_0044_MOV-545_jpg.rf.c01c1e755e78cf94d7aaac12a7dd8417.jpg,2,0,0,0,0,0,0,2
DJI_0044_MOV-546_jpg.rf.461626b37f11facdff7f25dd879df18d.jpg,2,0,0,0,0,0,0,2
DJI_0044_MOV-547_jpg.rf.dfb0f558d4499e6fbafdc21b067291b9.jpg,2,0,0,0,0,0,0,2
DJI_0044_MOV-548_jpg.rf.1eac8b57adeb70bfa7c1ea55a047e3d7.jpg,4,0,0,0,0,0,0,4
DJI_0044_MOV-549_jpg.rf.ece3667d07ecbbd3136a6b19c2aad93b.jpg,2,0,0,0,0,0,0,2
DJI_0044_MOV-550_jpg.rf.0455be6eb58294911323e30c8fd5cbb9.jpg,0,0,0,0,0,0,0,0
DJI_0044_MOV-553_jpg.rf.7ffe7da3b4887e5e9316ef4f7cebda93.jpg,6,0,0,0,0,0,0,6
DJI_0044_MOV-556_jpg.rf.48b85bf44e754e5d7508adc1ddde8f93.jpg,4,0,0,0,0,0,0,4
DJI_0044_MOV-558_jpg.rf.6bfefd61c649c6246e9bcecff3dd7103.jpg,7,0,0,0,0,0,0,7
DJI_0044_MOV-561_jpg.rf.2e36bced13908f71a2c54585a33a34c4.jpg,6,0,0,0,0,0,0,6
DJI_0044_MOV-567_jpg.rf.2314dc1c564988ac01ebe7444c374f11.jpg,5,0,0,0,0,0,0,5
DJI_0044_MOV-605_jpg.rf.73a7db27bcb03562206052e1108192d1.jpg,2,0,0,0,0,0,0,2
DJI_0044_MOV-612_jpg.rf.15ca8eec7b218b2a3c7ecdb9ed955705.jpg,1,0,0,0,0,0,0,1
DJI_0044_MOV-613_jpg.rf.65aa7dde93e35e31959587db794b596d.jpg,0,0,0,0,0,0,0,0
DJI_0044_MOV-614_jpg.rf.4e5edb94b6d4f063093c4ca58e7c0f2d.jpg,0,0,0,0,0,0,0,0
DJI_0044_MOV-615_jpg.rf.949a54239bc2e909275d5e4d15b9182f.jpg,0,0,0,0,0,0,0,0
DJI_0044_MOV-616_jpg.rf.f5c313460e8b3fc059e64d8ec413beca.jpg,0,0,0,0,0,0,0,0
DJI_0044_MOV-617_jpg.rf.ba29c358a058709a9c1fbc6cf01352c8.jpg,0,0,0,0,0,0,0,0
DJI_0044_MOV-618_jpg.rf.569df6cdddc461e17426516f744b440b.jpg,0,0,0,0,0,0,0,0
DJI_0044_MOV-619_jpg.rf.c6ae2c7620f6a2556feb28df2240a848.jpg,0,0,0,0,0,0,0,0
DJI_0044_MOV-620_jpg.rf.357560fc6c6a9d450173e3fe5b4a37d0.jpg,0,0,0,0,0,0,0,0
DJI_0045_MOV-102_jpg.rf.56b08b32bf1a3979deb6e52e392bc7a5.jpg,8,0,0,0,0,0,0,8
DJI_0045_MOV-116_jpg.rf.5a1c16ea32050075cc5497fbce603250.jpg,0,0,0,0,0,0,0,0
DJI_0045_MOV-117_jpg.rf.7e7c63ff537b5430dcc61f3b63759265.jpg,0,0,0,0,0,0,0,0
DJI_0045_MOV-118_jpg.rf.95fb349572054d1b0d6907582ccbab69.jpg,0,0,0,0,0,0,0,0
DJI_0045_MOV-124_jpg.rf.f41e0b24c3c9d88b017ef98ec936f618.jpg,3,0,0,0,0,0,0,3
DJI_0045_MOV-127_jpg.rf.69b628d82a2fc38f6ac44cd525bd97e4.jpg,4,0,0,0,0,0,0,4
DJI_0045_MOV-128_jpg.rf.317f744f9b654f2d713b145e3bd070c9.jpg,4,0,0,0,0,0,0,4
DJI_0045_MOV-13_jpg.rf.823dffdec9e7b6d52ed46a820572ddf2.jpg,2,0,0,0,0,0,0,2
DJI_0045_MOV-14_jpg.rf.833b6a5845b5dd9a2ae883863c3b3790.jpg,4,0,0,0,0,0,0,4
DJI_0045_MOV-163_jpg.rf.c1a3e149f23f78d6f4f55fe159361394.jpg,2,0,0,0,0,0,0,2
DJI_0045_MOV-167_jpg.rf.82fb90a0603936ed0befed90c1e1cd8e.jpg,11,0,0,0,0,0,0,11
DJI_0045_MOV-16_jpg.rf.3ace6266c5b0288bc9b65148e119b0a1.jpg,2,0,0,0,0,0,0,2
DJI_0045_MOV-177_jpg.rf.c0e4372fa3592985bbf675e4258cb77c.jpg,3,0,0,0,0,0,0,3
DJI_0045_MOV-198_jpg.rf.64565a6e6b6b6e26b201ee2b6e02db26.jpg,1,0,0,0,0,0,0,1
DJI_0045_MOV-19_jpg.rf.504d4c6f446e7e8a2f1cdff6120a620d.jpg,2,0,0,0,0,0,0,2
DJI_0045_MOV-212_jpg.rf.11fd059f562ffd08e02819dca07c45b7.jpg,2,0,0,0,0,0,0,2
DJI_0045_MOV-21_jpg.rf.99b2d21371ce237633aca5ec4c796a15.jpg,3,0,0,0,0,0,0,3
DJI_0045_MOV-225_jpg.rf.86797a2b93d7d2f5201bbc762d99691b.jpg,5,0,0,0,0,0,0,5
DJI_0045_MOV-226_jpg.rf.dc301b55075b73c5fefb565a2224ca0a.jpg,8,0,0,0,0,0,0,8
DJI_0045_MOV-22_jpg.rf.b7600e4e0b312ccb7dd6bedc2c3b6eca.jpg,6,0,0,0,0,0,0,6
DJI_0045_MOV-236_jpg.rf.50698ef0631803d7bf0b7f8353f7790a.jpg,3,0,0,0,0,0,0,3
DJI_0045_MOV-252_jpg.rf.c24d02975a16082b830768135c882edd.jpg,8,0,0,0,0,0,0,8
DJI_0045_MOV-255_jpg.rf.21621e8f6284c173ac7dfb9db0a41eee.jpg,7,0,0,0,0,0,0,7
DJI_0045_MOV-264_jpg.rf.1b26f8b4c1a7ca0ffcf6e857e8fc18d2.jpg,3,0,0,0,0,0,0,3
DJI_0045_MOV-265_jpg.rf.2c72e2b2ab8de3d19102b03ea3017f62.jpg,1,0,0,0,0,0,0,1
DJI_0045_MOV-271_jpg.rf.460bd7096c41aaabbf0ae19d0eeac4f7.jpg,1,0,0,0,0,0,0,1
DJI_0045_MOV-274_jpg.rf.eb12255a8a95fadb732e3580a09d5395.jpg,1,0,0,0,0,0,0,1
DJI_0045_MOV-275_jpg.rf.e43ef2db65613410a9b16563e61c0052.jpg,2,0,0,0,0,0,0,2
DJI_0045_MOV-276_jpg.rf.4a8dac481cfc186ea3fd7f4a5ca9c64b.jpg,2,0,0,0,0,0,0,2
DJI_0045_MOV-277_jpg.rf.0248f89117584d19707b2fbf22f42fa9.jpg,4,0,0,0,0,0,0,4
DJI_0045_MOV-279_jpg.rf.143f68e55ff1c3a74acf9ec4d63f27b8.jpg,5,0,0,0,0,0,0,5
DJI_0045_MOV-281_jpg.rf.dadbb03e5f507566781fa5ca3e0bd53a.jpg,10,0,0,0,0,0,0,10
DJI_0045_MOV-287_jpg.rf.417a4a9656f94e925bc76de6cfc2e938.jpg,7,0,0,0,0,0,0,7
DJI_0045_MOV-306_jpg.rf.b3c00bc5d696eb8f7a342d0744393b67.jpg,1,0,0,0,0,0,0,1
DJI_0045_MOV-30_jpg.rf.2ddfe30e0c3e84c23c5d698d43ce9cbe.jpg,7,0,0,0,0,0,0,7
DJI_0045_MOV-313_jpg.rf.81a075693f0ed20979e3e898109691c3.jpg,8,0,0,0,0,0,0,8
DJI_0045_MOV-318_jpg.rf.3b5fd00a0cf06dc86ac0a5ceda31e3da.jpg,7,0,0,0,0,0,0,7
DJI_0045_MOV-325_jpg.rf.4cfc6ed6e8049723eeff392830587887.jpg,2,0,0,0,0,0,0,2
DJI_0045_MOV-32_jpg.rf.39e924f5e93966a06486cf44b84fde23.jpg,10,0,0,0,0,0,0,10
DJI_0045_MOV-346_jpg.rf.6193dd6543714f11c5fdf001bf5a67c4.jpg,13,0,0,0,0,0,0,13
DJI_0045_MOV-348_jpg.rf.a8ac5dadcf74b195ead7903c1120f88c.jpg,13,0,0,0,0,0,0,13
DJI_0045_MOV-350_jpg.rf.59a9affc8698ea679ab1f6423af5ba87.jpg,16,0,0,0,0,0,0,16
DJI_0045_MOV-351_jpg.rf.5494d5211509d19ef74eabb11ac73ea7.jpg,17,0,0,0,0,0,0,17
DJI_0045_MOV-35_jpg.rf.6c3bfd3413f8b7f820dad179cfe687b4.jpg,5,0,0,0,0,0,0,5
DJI_0045_MOV-361_jpg.rf.c946c6fe2618c73b5fb4bb4d07feb88e.jpg,14,0,0,0,0,0,0,14
DJI_0045_MOV-45_jpg.rf.09ebd8060c53afcc4e19617208494aba.jpg,8,0,0,0,0,0,0,8
DJI_0045_MOV-95_jpg.rf.22c11553061e29e136b67abdc5dab94c.jpg,1,0,0,0,0,0,0,1
DJI_0045_MOV-98_jpg.rf.075529fc6ad04377a6b5ee9200dcb457.jpg,3,0,0,0,0,0,0,3
DJI_0046_MOV-108_jpg.rf.e79d0cebaeeeda487243685c5a7d7ae4.jpg,1,0,0,0,0,0,0,1
DJI_0046_MOV-115_jpg.rf.6981eece67910c702d76246bff7aa7b4.jpg,1,0,0,0,0,0,0,1
DJI_0046_MOV-122_jpg.rf.17b176b7ade98cd0360fd8a373741095.jpg,8,0,0,0,0,0,0,8
DJI_0046_MOV-152_jpg.rf.0d8eec59cbfccb8604228e0563a78576.jpg,8,0,0,0,0,0,0,8
DJI_0046_MOV-166_jpg.rf.e58c57f414fbb90302fea226df6fcb26.jpg,8,0,0,0,0,0,0,8
DJI_0046_MOV-179_jpg.rf.6b5b8a7e6f072ba66a65b6af989c5d03.jpg,13,0,0,0,0,0,0,13
DJI_0046_MOV-222_jpg.rf.fbc56af4b7332020eb1f9820b3df48b9.jpg,17,0,0,0,0,0,0,17
DJI_0046_MOV-225_jpg.rf.f58d45a6d69109785e9a21636c297857.jpg,9,0,0,0,0,0,0,9
DJI_0046_MOV-226_jpg.rf.3eedea0463fc380446cac2d671a92433.jpg,12,0,0,0,0,0,0,12
DJI_0046_MOV-228_jpg.rf.4d1a20f47f6dd1b1b696f8d63377ebe9.jpg,14,0,0,0,0,0,0,14
DJI_0047_MOV-108_jpg.rf.7fd44c80f94d544b498a04e3abf82536.jpg,17,0,0,0,0,0,0,17
DJI_0047_MOV-116_jpg.rf.9bc48a10b81e007b83121a76a24e8c08.jpg,16,0,0,0,0,0,0,16
DJI_0047_MOV-119_jpg.rf.427ecedf8b8296eef9ffb945a304d5e5.jpg,15,0,0,0,0,0,0,15
DJI_0047_MOV-125_jpg.rf.de0937c7bd9a76c20673788e29a92d85.jpg,16,0,0,0,0,0,0,16
DJI_0047_MOV-12_jpg.rf.2746d52aed4f7269f3118b4f1c08d232.jpg,7,0,0,0,0,0,0,7
DJI_0047_MOV-152_jpg.rf.db6696898653c6ea3924fe8de4d15bbc.jpg,21,0,0,0,0,0,0,21
DJI_0047_MOV-17_jpg.rf.a0388729dbcf1e19296b6a926a9c4fac.jpg,14,0,0,0,0,0,0,14
DJI_0047_MOV-18_jpg.rf.b8002242af8d5f66417946ef94e53a5b.jpg,12,0,0,0,0,0,0,12
DJI_0047_MOV-51_jpg.rf.9766cd46af15b64149be298172557f9e.jpg,1,0,0,0,0,0,0,1
DJI_0047_MOV-64_jpg.rf.08890d3cdcf26b449d66f357a79fd34b.jpg,17,0,0,0,0,0,0,17
DJI_0047_MOV-81_jpg.rf.abba266e9ac885e45a63ab515d50bf7a.jpg,14,0,0,0,0,0,0,14
DJI_0047_MOV-83_jpg.rf.e7ab621c4ac05f0936ebb5f0cb7575cf.jpg,13,0,0,0,0,0,0,13
DJI_0047_MOV-92_jpg.rf.9febf0411d7d48b5bca7620882faaf5a.jpg,0,0,0,0,0,0,0,0
DJI_0047_MOV-9_jpg.rf.d01a68040d37f1bbf4ebf616f9de97df.jpg,1,0,0,0,0,0,0,1
